cluster_num,slug,excerpt
1,anxiete-separation-chien,"Un chien qui panique dès que la porte se ferme, ce n'est pas de la comédie. Comprendre l'anxiété de séparation et l'apaiser pas à pas, avec ce qui marche vraiment."
1,anxiete-separation-chien-comprendre,"Avant d'agir, comprendre. Ce qui se joue dans la tête d'un chien qui vit mal la solitude, comment le trouble s'installe, et pourquoi ce n'est pas juste de l'ennui."
1,camera-radio-pheromones-chien,"Caméra, musique, phéromones, compléments : le point honnête sur les aides anti-stress pour chien seul. Ce qui aide vraiment, et ce qui relève surtout du marketing."
1,chien-anxieux-absence-que-faire,"Votre chien se met dans tous ses états quand vous partez ? Les premiers gestes qui l'apaisent, le travail de fond pour l'habituer, et les réflexes à éviter."
1,combien-temps-chien-seul,"Une heure, quatre, une journée ? Les repères par âge, du chiot au senior, les signes que la solitude dure trop, et des solutions pour les longues journées."
1,erreurs-anxiete-separation-chien,"Certains réflexes bien intentionnés aggravent l'anxiété de séparation sans qu'on le sache. Les erreurs les plus courantes, et quoi faire à la place."
1,espace-rassurant-chien-seul,"Un bon coin refuge peut changer la façon dont votre chien vit vos absences. Emplacement, couchage, odeurs et lumière : comment l'aménager, mini-protocole inclus."
1,habituer-chien-rester-seul,"Apprendre à un chien à rester seul se travaille par étapes, sans le brusquer. La méthode progressive, les durées, et comment gérer les rechutes."
1,jouets-occupation-chien-seul,"Tapis de léchage, fouille, mastication, distributeurs : quels jouets occupent vraiment un chien seul, comment les utiliser, et la recette d'un jouet garni qui dure."
1,prevenir-anxiete-separation-chiot,"Tout se joue dès les premières semaines. Comment apprendre à un chiot à rester seul sans paniquer, éviter l'hyper-attachement, avec un mini-protocole sur 15 jours."
1,signes-anxiete-separation-chien,"Aboiements, dégâts, malpropreté : dix signes qui trahissent un chien qui vit mal la solitude, comment les vérifier à la caméra et les distinguer de l'ennui."
2,chien-peur-bruit-phobie,"Orages, feux d'artifice, inconnus : pourquoi votre chien a peur, comment réagir pendant une crise et l'aider sur le fond. Le guide complet et concret."
2,chien-petards-14-juillet,"Le 14 juillet dure souvent plusieurs jours pour un chien craintif. Pétards de rue, balades à sécuriser, refuge et préparation : le guide pour traverser la période."
2,chien-peur-feux-artifice,"Un chien terrifié par les feux d'artifice peut fuir en panique. Préparer le jour J, gérer la soirée, éviter la fugue et travailler le fond, étape par étape."
2,chien-peur-inconnus-autres-chiens,"Peur n'est pas agressivité. Comprendre la peur sociale du chien, gérer les rencontres à distance et ne jamais forcer le contact pour l'apaiser durablement."
2,chien-peur-orage,"Votre chien sent l'orage arriver avant vous ? Pourquoi, comment l'aider pendant la tempête, et gérer une peur imprévisible qui revient chaque été."
2,chien-peureux-en-ville,"Circulation, foule, transports : la ville peut vite dépasser un chien craintif. Comment l'habituer en douceur, avec le bon équipement et les bons itinéraires."
2,crise-panique-sonore-chien,"Face à un bruit, votre chien panique d'un coup ? Comment le sécuriser, l'apaiser sans le forcer, l'aider à redescendre et reconnaître quand c'est une urgence."
2,desensibiliser-chien-bruits,"Habituer un chien aux bruits qui l'effraient, ça se travaille avec méthode. Le protocole complet : matériel, paliers, erreurs à éviter et résultats réalistes."
2,erreurs-chien-qui-a-peur,"Punir, forcer l'exposition, mal lire un grognement : certains réflexes aggravent la peur d'un chien. Les erreurs les plus fréquentes, et quoi faire à la place."
2,gilet-anti-stress-couverture-ponderee-chien,"La pression douce peut-elle apaiser un chien anxieux ? Comment ça marche, ce qu'on peut en attendre, comment bien l'ajuster, et les précautions à connaître."
2,pourquoi-chien-peur-bruits,"Ouïe, tempérament, socialisation, mauvaise expérience, douleur : les vraies causes de la peur des bruits chez le chien, et comment les repérer pour agir juste."
3,chien-calme-serenite-quotidien,"Un chien qui ne se pose jamais ? La sérénité se construit jour après jour. Routine, dépense dosée, stimulation mentale, sommeil : le guide complet pour l'apaiser."
3,apprendre-le-calme-chien,"Le calme s'apprend comme un exercice. Capturer les moments posés, enseigner le « va à ta place » et installer un vrai bouton d'arrêt après le jeu."
3,chien-excitation-retrouvailles-invites,"Sonnette, arrivée, invités : pourquoi le chien s'emballe, et comment installer des retrouvailles calmes sans le survolter ni le frustrer."
3,chien-hyperactif-trop-excite,"Vraie hyperactivité ou chien sur-excité ? Les causes, le piège du « il faut le fatiguer », et les leviers concrets pour calmer un chien qui ne tient pas en place."
3,environnement-apaisant-chien-maison,"La maison influe plus qu'on ne croit sur la sérénité d'un chien. Espace refuge, bruit, ambiance, aides apaisantes : comment l'aménager pour l'aider à se poser."
3,erreurs-chien-agite,"Trop d'exercice, manque de sommeil, excitation récompensée : dix erreurs courantes empêchent un chien de se calmer. Les repérer, et adopter les bons réflexes."
3,mastication-lechage-chien,"Mâcher et lécher apaisent réellement un chien. Pourquoi, quels supports choisir en toute sécurité, et comment les intégrer au quotidien pour un chien plus serein."
3,promenade-depense-chien-equilibre,"Ni trop, ni trop peu : pourquoi la qualité de la promenade prime sur la quantité, l'intérêt de la balade olfactive, et le piège du sur-entraînement."
3,routine-rythme-quotidien-chien,"Un chien a besoin de prévisibilité pour se sentir en sécurité. Comment construire une routine réaliste sans rigidité, et gérer les changements en douceur."
3,sommeil-du-chien,"Un chien mal reposé est un chien agité. Combien d'heures il dort vraiment, comment créer de bonnes conditions de repos, et protéger le sommeil du chiot et du senior."
3,stimulation-mentale-chien,"Un cerveau occupé fatigue et apaise mieux qu'une longue course. Les grandes familles d'activités mentales, des idées simples et les erreurs à éviter."
4,langage-corporel-chien,"Votre chien vous parle en permanence, sans un bruit. Apprenez à lire sa queue, ses oreilles, ses yeux et ses signaux d'apaisement pour repérer le malaise à temps."
4,signaux-apaisement-chien,"Bâillement, léchage de truffe, détournement : autant de messages que votre chien vous envoie pour dire qu'il est mal à l'aise. La liste, et comment y répondre."
4,queue-chien-signification,"Une queue qui remue ne veut pas dire content. Hauteur, amplitude, raideur : ce que le mouvement de la queue révèle vraiment de l'émotion de votre chien."
4,baillement-chien-stress,"Un chien qui bâille n'est pas toujours fatigué. Comment distinguer le bâillement de stress du bâillement de sommeil, et ce que ça vous dit sur son état."
4,chien-leche-truffe-babines,"Un léchage de truffe hors repas est souvent un signal d'inconfort. Apprenez à repérer le déclencheur et à apaiser votre chien avant que la tension ne monte."
4,oreilles-chien-emotions,"Vers l'avant, plaquées, à la base : les oreilles d'un chien en disent long sur son humeur. Comment les lire, même chez un chien aux oreilles tombantes."
4,oeil-de-baleine-chien,"Le blanc de l'œil qui apparaît, un regard fixe ou fuyant : ces signaux du regard méritent qu'on s'y arrête. Comment les décoder et bien réagir."
4,postures-stress-chien,"Se figer, se tasser, se détourner : le corps d'un chien stressé parle avant lui. Apprenez à reconnaître ces postures pour intervenir avant l'escalade."
4,chien-s-ebroue-signal,"Un chien qui s'ébroue sans être mouillé fait une remise à zéro après une tension. Décryptage d'un petit geste méconnu, mais riche de sens."
4,echelle-stress-chien-morsure,"Aucune morsure n'arrive sans prévenir. Du signal discret au grognement, comprenez l'échelle de l'agression et pourquoi on ne punit jamais un grognement."
4,haletement-tremblements-chien-stress,"Halètement, tremblements, bave : des signaux physiques faciles à mal interpréter. Comment distinguer la chaleur ou l'effort d'un vrai signe de stress."
4,observer-chien-carnet-signaux,"Lire son chien, ça s'apprend en l'observant. Une méthode simple sur deux semaines : carnet de signaux, vidéo et repérage de sa ligne de base."
4,idees-recues-langage-canin,"Queue qui remue, air coupable, sourire du chien : dix idées reçues sur le langage canin qui vous trompent, et ce que votre chien exprime vraiment."
5,repas-du-chien,"La gamelle n'est pas qu'une formalité. Bien pensé, le repas structure la journée du chien et l'apaise. Notre guide complet pour en faire un moment de calme, du chien glouton au chien difficile."
5,chien-mange-trop-vite,"Votre chien vide sa gamelle avant que vous ayez rangé le sac ? On vous explique pourquoi, quand cela mérite vraiment attention, et toutes les façons douces de le faire ralentir."
5,gamelle-anti-glouton-chien,"Gamelle à reliefs, tapis de fouille, tapis de léchage : le bon ralentisseur dépend de votre chien. Nos critères pour choisir sans se tromper, cas du museau court compris."
5,ralentir-repas-chien,"Ralentir un chien pressé ne demande pas forcément d'acheter quoi que ce soit. Toutes les méthodes, des astuces gratuites aux accessoires, pour faire durer le repas."
5,nourrir-chien-sans-gamelle,"Et si la gamelle disparaissait ? Le chien est fait pour chercher sa nourriture. Comment lui distribuer la ration autrement, pour un repas plus lent et bien plus stimulant."
5,recettes-tapis-lechage-chien,"Six recettes de tapis de léchage saines, à base de la ration de votre chien, du quotidien à l'été. Avec l'essentiel pour garnir, congeler et ne rien mettre de dangereux."
5,chien-gourmand-toujours-faim,"Il réclame sans cesse et paraît toujours affamé ? Le plus souvent, c'est une habitude apprise, pas une vraie faim. Comment la gérer sans céder ni le frustrer."
5,chien-quemande-table,"Votre chien vous fixe et réclame à chaque repas ? Ni punition ni exil : la méthode douce pour lui apprendre une place au calme et retrouver des repas tranquilles."
5,repas-plusieurs-chiens,"À plusieurs chiens, le repas tourne vite à la course. Nos principes d'organisation pour que chacun mange au calme, du duo rapide et lent au foyer de tailles différentes."
5,combien-repas-chien-par-jour,"Un repas, deux, trois ? Les repères clairs selon l'âge, du chiot au senior, et pourquoi le rythme des repas compte autant que la quantité."
5,chien-ne-mange-pas-gamelle,"Votre chien boude sa gamelle ? D'abord écarter la piste santé, puis comprendre le caprice appris. Comment redonner l'appétit sans installer de mauvaise habitude."
5,transition-alimentaire-chien,"Changer de croquettes sans diarrhée ni refus, c'est une affaire de progressivité. Le calendrier de transition, les signes à surveiller et les erreurs à éviter."
5,choisir-gamelle-chien,"Inox, céramique ou plastique ? Forme, hauteur, hygiène : la gamelle compte plus qu'on ne croit. Nos repères pour bien la choisir et l'entretenir au quotidien."
